英文,中文,音标,词性
apple,苹果,/ˈæpəl/,n.
banana,香蕉,/bəˈnɑːnə/,n.
orange,橙子,/ˈɒrɪndʒ/,n.
pear,梨,/peə/,n.
peach,桃子,/piːtʃ/,n.
grape,葡萄,/ɡreɪp/,n.
lemon,柠檬,/ˈlemən/,n.
mango,芒果,/ˈmæŋɡəʊ/,n.
watermelon,西瓜,/ˈwɔːtəmelən/,n.
strawberry,草莓,/ˈstrɔːbəri/,n.
cherry,樱桃,/ˈtʃeri/,n.
pineapple,菠萝,/ˈpaɪnæpəl/,n.
onion,洋葱,/ˈʌnjən/,n.
carrot,胡萝卜,/ˈkærət/,n.
potato,土豆,/pəˈteɪtəʊ/,n.
tomato,西红柿,/təˈmɑːtəʊ/,n.
cabbage,卷心菜,/ˈkæbɪdʒ/,n.
lettuce,生菜,/ˈletɪs/,n.
corn,玉米,/kɔːn/,n.
bean,豆子,/biːn/,n.
rice,米饭,/raɪs/,n.
bread,面包,/bred/,n.
noodle,面条,/ˈnuːdəl/,n.
egg,鸡蛋,/eɡ/,n.
milk,牛奶,/mɪlk/,n.
cheese,奶酪,/tʃiːz/,n.
butter,黄油,/ˈbʌtə/,n.
meat,肉,/miːt/,n.
beef,牛肉,/biːf/,n.
pork,猪肉,/pɔːk/,n.
chicken,鸡肉,/ˈtʃɪkɪn/,n.
fish,鱼,/fɪʃ/,n.
soup,汤,/suːp/,n.
salad,沙拉,/ˈsæləd/,n.
sandwich,三明治,/ˈsænwɪdʒ/,n.
cake,蛋糕,/keɪk/,n.
cookie,曲奇饼,/ˈkʊki/,n.
chocolate,巧克力,/ˈtʃɒklət/,n.
sugar,糖,/ˈʃʊɡə/,n.
flour,面粉,/ˈflaʊə/,n.
salt,盐,/sɔːlt/,n.
pepper,胡椒粉,/ˈpepə/,n.
honey,蜂蜜,/ˈhʌni/,n.
water,水,/ˈwɔːtə/,n.
tea,茶,/tiː/,n.
coffee,咖啡,/ˈkɒfi/,n.
juice,果汁,/dʒuːs/,n.
breakfast,早餐,/ˈbrekfəst/,n.
lunch,午餐,/lʌntʃ/,n.
dinner,晚餐,/ˈdɪnə/,n.
cat,猫,/kæt/,n.
dog,狗,/dɒɡ/,n.
rabbit,兔子,/ˈræbɪt/,n.
mouse,老鼠,/maʊs/,n.
horse,马,/hɔːs/,n.
cow,奶牛,/kaʊ/,n.
sheep,绵羊,/ʃiːp/,n.
goat,山羊,/ɡəʊt/,n.
pig,猪,/pɪɡ/,n.
duck,鸭子,/dʌk/,n.
hen,母鸡,/hen/,n.
bird,鸟,/bɜːd/,n.
parrot,鹦鹉,/ˈpærət/,n.
eagle,鹰,/ˈiːɡəl/,n.
owl,猫头鹰,/aʊl/,n.
lion,狮子,/ˈlaɪən/,n.
tiger,老虎,/ˈtaɪɡə/,n.
elephant,大象,/ˈelɪfənt/,n.
monkey,猴子,/ˈmʌŋki/,n.
panda,熊猫,/ˈpændə/,n.
bear,熊,/beə/,n.
fox,狐狸,/fɒks/,n.
wolf,狼,/wʊlf/,n.
deer,鹿,/dɪə/,n.
zebra,斑马,/ˈzebrə/,n.
giraffe,长颈鹿,/dʒəˈrɑːf/,n.
kangaroo,袋鼠,/ˌkæŋɡəˈruː/,n.
dolphin,海豚,/ˈdɒlfɪn/,n.
whale,鲸,/weɪl/,n.
shark,鲨鱼,/ʃɑːk/,n.
turtle,龟,/ˈtɜːtəl/,n.
snake,蛇,/sneɪk/,n.
frog,青蛙,/frɒɡ/,n.
butterfly,蝴蝶,/ˈbʌtəflaɪ/,n.
bee,蜜蜂,/biː/,n.
ant,蚂蚁,/ænt/,n.
spider,蜘蛛,/ˈspaɪdə/,n.
insect,昆虫,/ˈɪnsekt/,n.
feather,羽毛,/ˈfeðə/,n.
tail,尾巴,/teɪl/,n.
head,头,/hed/,n.
hair,头发,/heə/,n.
face,脸,/feɪs/,n.
eye,眼睛,/aɪ/,n.
ear,耳朵,/ɪə/,n.
nose,鼻子,/nəʊz/,n.
mouth,嘴,/maʊθ/,n.
tooth,牙齿,/tuːθ/,n.
tongue,舌头,/tʌŋ/,n.
neck,脖子,/nek/,n.
shoulder,肩膀,/ˈʃəʊldə/,n.
arm,手臂,/ɑːm/,n.
hand,手,/hænd/,n.
finger,手指,/ˈfɪŋɡə/,n.
leg,腿,/leɡ/,n.
knee,膝盖,/niː/,n.
foot,脚,/fʊt/,n.
toe,脚趾,/təʊ/,n.
heart,心脏,/hɑːt/,n.
back,背部,/bæk/,n.
family,家庭,/ˈfæməli/,n.
father,父亲,/ˈfɑːðə/,n.
mother,母亲,/ˈmʌðə/,n.
parent,父亲或母亲,/ˈpeərənt/,n.
brother,兄弟,/ˈbrʌðə/,n.
sister,姐妹,/ˈsɪstə/,n.
grandfather,祖父,/ˈɡrænfɑːðə/,n.
grandmother,祖母,/ˈɡrænmʌðə/,n.
uncle,叔叔,/ˈʌŋkəl/,n.
aunt,阿姨,/ɑːnt/,n.
cousin,堂亲或表亲,/ˈkʌzən/,n.
baby,婴儿,/ˈbeɪbi/,n.
child,孩子,/tʃaɪld/,n.
friend,朋友,/frend/,n.
neighbor,邻居,/ˈneɪbə/,n.
teacher,教师,/ˈtiːtʃə/,n.
student,学生,/ˈstjuːdənt/,n.
doctor,医生,/ˈdɒktə/,n.
nurse,护士,/nɜːs/,n.
farmer,农民,/ˈfɑːmə/,n.
driver,司机,/ˈdraɪvə/,n.
cook,厨师,/kʊk/,n.
singer,歌手,/ˈsɪŋə/,n.
actor,演员,/ˈæktə/,n.
artist,艺术家,/ˈɑːtɪst/,n.
writer,作家,/ˈraɪtə/,n.
worker,工人,/ˈwɜːkə/,n.
pilot,飞行员,/ˈpaɪlət/,n.
scientist,科学家,/ˈsaɪəntɪst/,n.
engineer,工程师,/ˌendʒɪˈnɪə/,n.
school,学校,/skuːl/,n.
classroom,教室,/ˈklɑːsruːm/,n.
library,图书馆,/ˈlaɪbrəri/,n.
playground,操场,/ˈpleɪɡraʊnd/,n.
office,办公室,/ˈɒfɪs/,n.
hospital,医院,/ˈhɒspɪtəl/,n.
park,公园,/pɑːk/,n.
zoo,动物园,/zuː/,n.
museum,博物馆,/mjuˈziːəm/,n.
cinema,电影院,/ˈsɪnəmə/,n.
shop,商店,/ʃɒp/,n.
market,市场,/ˈmɑːkɪt/,n.
restaurant,餐馆,/ˈrestrɒnt/,n.
hotel,旅馆,/həʊˈtel/,n.
bank,银行,/bæŋk/,n.
station,车站,/ˈsteɪʃən/,n.
airport,机场,/ˈeəpɔːt/,n.
bridge,桥,/brɪdʒ/,n.
street,街道,/striːt/,n.
road,道路,/rəʊd/,n.
house,房子,/haʊs/,n.
home,家,/həʊm/,n.
room,房间,/ruːm/,n.
bedroom,卧室,/ˈbedruːm/,n.
kitchen,厨房,/ˈkɪtʃɪn/,n.
bathroom,浴室,/ˈbɑːθruːm/,n.
garden,花园,/ˈɡɑːdən/,n.
door,门,/dɔː/,n.
window,窗户,/ˈwɪndəʊ/,n.
wall,墙,/wɔːl/,n.
floor,地板,/flɔː/,n.
roof,屋顶,/ruːf/,n.
table,桌子,/ˈteɪbəl/,n.
desk,书桌,/desk/,n.
chair,椅子,/tʃeə/,n.
bed,床,/bed/,n.
sofa,沙发,/ˈsəʊfə/,n.
lamp,台灯,/læmp/,n.
clock,钟,/klɒk/,n.
mirror,镜子,/ˈmɪrə/,n.
book,书,/bʊk/,n.
notebook,笔记本,/ˈnəʊtbʊk/,n.
pen,钢笔,/pen/,n.
pencil,铅笔,/ˈpensəl/,n.
ruler,尺子,/ˈruːlə/,n.
eraser,橡皮,/ɪˈreɪzə/,n.
bag,包,/bæɡ/,n.
paper,纸,/ˈpeɪpə/,n.
picture,图片,/ˈpɪktʃə/,n.
map,地图,/mæp/,n.
computer,电脑,/kəmˈpjuːtə/,n.
phone,电话,/fəʊn/,n.
camera,照相机,/ˈkæmərə/,n.
radio,收音机,/ˈreɪdiəʊ/,n.
television,电视机,/ˈtelɪvɪʒən/,n.
keyboard,键盘,/ˈkiːbɔːd/,n.
screen,屏幕,/skriːn/,n.
letter,信,/ˈletə/,n.
stamp,邮票,/stæmp/,n.
envelope,信封,/ˈenvələʊp/,n.
shirt,衬衫,/ʃɜːt/,n.
coat,外套,/kəʊt/,n.
jacket,夹克,/ˈdʒækɪt/,n.
sweater,毛衣,/ˈswetə/,n.
skirt,裙子,/skɜːt/,n.
dress,连衣裙,/dres/,n.
hat,帽子,/hæt/,n.
cap,鸭舌帽,/kæp/,n.
shoe,鞋,/ʃuː/,n.
sock,袜子,/sɒk/,n.
glove,手套,/ɡlʌv/,n.
scarf,围巾,/skɑːf/,n.
belt,腰带,/belt/,n.
umbrella,雨伞,/ʌmˈbrelə/,n.
watch,手表,/wɒtʃ/,n.
button,纽扣,/ˈbʌtən/,n.
pocket,口袋,/ˈpɒkɪt/,n.
uniform,制服,/ˈjuːnɪfɔːm/,n.
boot,靴子,/buːt/,n.
ring,戒指,/rɪŋ/,n.
sun,太阳,/sʌn/,n.
moon,月亮,/muːn/,n.
star,星星,/stɑː/,n.
sky,天空,/skaɪ/,n.
cloud,云,/klaʊd/,n.
rain,雨,/reɪn/,n.
snow,雪,/snəʊ/,n.
wind,风,/wɪnd/,n.
storm,暴风雨,/stɔːm/,n.
rainbow,彩虹,/ˈreɪnbəʊ/,n.
river,河流,/ˈrɪvə/,n.
lake,湖,/leɪk/,n.
sea,海,/siː/,n.
ocean,海洋,/ˈəʊʃən/,n.
beach,海滩,/biːtʃ/,n.
island,岛,/ˈaɪlənd/,n.
mountain,山,/ˈmaʊntɪn/,n.
hill,小山,/hɪl/,n.
forest,森林,/ˈfɒrɪst/,n.
tree,树,/triː/,n.
flower,花,/ˈflaʊə/,n.
grass,草,/ɡrɑːs/,n.
leaf,叶子,/liːf/,n.
root,根,/ruːt/,n.
seed,种子,/siːd/,n.
stone,石头,/stəʊn/,n.
sand,沙子,/sænd/,n.
earth,地球,/ɜːθ/,n.
fire,火,/ˈfaɪə/,n.
air,空气,/eə/,n.
spring,春天,/sprɪŋ/,n.
summer,夏天,/ˈsʌmə/,n.
autumn,秋天,/ˈɔːtəm/,n.
winter,冬天,/ˈwɪntə/,n.
morning,早晨,/ˈmɔːnɪŋ/,n.
afternoon,下午,/ˌɑːftəˈnuːn/,n.
evening,傍晚,/ˈiːvnɪŋ/,n.
night,夜晚,/naɪt/,n.
week,星期,/wiːk/,n.
month,月,/mʌnθ/,n.
read,阅读,/riːd/,v.
write,写,/raɪt/,v.
listen,听,/ˈlɪsən/,v.
speak,说话,/spiːk/,v.
learn,学习,/lɜːn/,v.
teach,教,/tiːtʃ/,v.
think,思考,/θɪŋk/,v.
remember,记住,/rɪˈmembə/,v.
forget,忘记,/fəˈɡet/,v.
understand,理解,/ˌʌndəˈstænd/,v.
walk,步行,/wɔːk/,v.
run,跑,/rʌn/,v.
jump,跳,/dʒʌmp/,v.
swim,游泳,/swɪm/,v.
climb,攀登,/klaɪm/,v.
dance,跳舞,/dɑːns/,v.
sing,唱歌,/sɪŋ/,v.
draw,画画,/drɔː/,v.
paint,绘画；涂色,/peɪnt/,v.
play,玩耍,/pleɪ/,v.
open,打开,/ˈəʊpən/,v.
close,关闭,/kləʊz/,v.
buy,买,/baɪ/,v.
sell,卖,/sel/,v.
give,给,/ɡɪv/,v.
take,拿,/teɪk/,v.
bring,带来,/brɪŋ/,v.
carry,携带,/ˈkæri/,v.
help,帮助,/help/,v.
share,分享,/ʃeə/,v.
eat,吃,/iːt/,v.
drink,喝,/drɪŋk/,v.
sleep,睡觉,/sliːp/,v.
wake,醒来,/weɪk/,v.
wash,洗,/wɒʃ/,v.
clean,打扫,/kliːn/,v.
wait,等待,/weɪt/,v.
visit,参观；拜访,/ˈvɪzɪt/,v.
travel,旅行,/ˈtrævəl/,v.
celebrate,庆祝,/ˈselɪbreɪt/,v.
